{
    "Train": {
        "Tag-Level Stats": {
            "Accuracy": 0.8571920990943909
        },
        "Sentence-Level Stats": {
            "Correct": 112685,
            "Total": 169072,
            "Accuracy": 0.6664911990158039
        }
    },
    "Dev": {
        "Tag-Level Stats": {
            "Accuracy": 0.8096519112586975
        },
        "Sentence-Level Stats": {
            "Correct": 3060,
            "Total": 4995,
            "Accuracy": 0.6126126126126126
        }
    }
}