{
    "Train": {
        "Tag-Level Stats": {
            "Accuracy": 0.8204419016838074
        },
        "Sentence-Level Stats": {
            "Correct": 102678,
            "Total": 169072,
            "Accuracy": 0.6073033973691682
        }
    },
    "Dev": {
        "Tag-Level Stats": {
            "Accuracy": 0.789284884929657
        },
        "Sentence-Level Stats": {
            "Correct": 2877,
            "Total": 4995,
            "Accuracy": 0.5759759759759759
        }
    }
}