{
    "Train": {
        "Tag-Level Stats": {
            "Accuracy": 0.8297077417373657
        },
        "Sentence-Level Stats": {
            "Correct": 104522,
            "Total": 169072,
            "Accuracy": 0.6182099933756033
        }
    },
    "Dev": {
        "Tag-Level Stats": {
            "Accuracy": 0.7934159636497498
        },
        "Sentence-Level Stats": {
            "Correct": 2902,
            "Total": 4995,
            "Accuracy": 0.5809809809809809
        }
    }
}