{
    "Train": {
        "Tag-Level Stats": {
            "Accuracy": 0.802444338798523
        },
        "Sentence-Level Stats": {
            "Correct": 100365,
            "Total": 169072,
            "Accuracy": 0.5936228352417905
        }
    },
    "Dev": {
        "Tag-Level Stats": {
            "Accuracy": 0.7800941467285156
        },
        "Sentence-Level Stats": {
            "Correct": 2846,
            "Total": 4995,
            "Accuracy": 0.5697697697697698
        }
    }
}