{
    "Train": {
        "Tag-Level Stats": {
            "Accuracy": 0.8270421028137207
        },
        "Sentence-Level Stats": {
            "Correct": 104763,
            "Total": 169072,
            "Accuracy": 0.6196354215955333
        }
    },
    "Dev": {
        "Tag-Level Stats": {
            "Accuracy": 0.7941845059394836
        },
        "Sentence-Level Stats": {
            "Correct": 2926,
            "Total": 4995,
            "Accuracy": 0.5857857857857858
        }
    }
}