{
    "Train": {
        "Tag-Level Stats": {
            "Accuracy": 0.8907906413078308
        },
        "Sentence-Level Stats": {
            "Correct": 121678,
            "Total": 169072,
            "Accuracy": 0.7196815557868836
        }
    },
    "Dev": {
        "Tag-Level Stats": {
            "Accuracy": 0.8210523128509521
        },
        "Sentence-Level Stats": {
            "Correct": 3197,
            "Total": 4995,
            "Accuracy": 0.64004004004004
        }
    }
}