{
    "Train": {
        "Tag-Level Stats": {
            "Accuracy": 0.8280535936355591
        },
        "Sentence-Level Stats": {
            "Correct": 104121,
            "Total": 169072,
            "Accuracy": 0.6158382227689978
        }
    },
    "Dev": {
        "Tag-Level Stats": {
            "Accuracy": 0.7926794290542603
        },
        "Sentence-Level Stats": {
            "Correct": 2896,
            "Total": 4995,
            "Accuracy": 0.5797797797797798
        }
    }
}