{
    "Train": {
        "Tag-Level Stats": {
            "Accuracy": 0.9136257767677307
        },
        "Sentence-Level Stats": {
            "Correct": 129283,
            "Total": 169072,
            "Accuracy": 0.7646623923535535
        }
    },
    "Dev": {
        "Tag-Level Stats": {
            "Accuracy": 0.8194831609725952
        },
        "Sentence-Level Stats": {
            "Correct": 3260,
            "Total": 4995,
            "Accuracy": 0.6526526526526526
        }
    }
}