{
    "Train": {
        "Tag-Level Stats": {
            "Accuracy": 0.9138466715812683
        },
        "Sentence-Level Stats": {
            "Correct": 129062,
            "Total": 169072,
            "Accuracy": 0.7633552569319579
        }
    },
    "Dev": {
        "Tag-Level Stats": {
            "Accuracy": 0.8205398917198181
        },
        "Sentence-Level Stats": {
            "Correct": 3246,
            "Total": 4995,
            "Accuracy": 0.6498498498498498
        }
    }
}